                  epoch,         train/box_loss,         train/cls_loss,         train/dfl_loss,   metrics/precision(B),      metrics/recall(B),       metrics/mAP50(B),    metrics/mAP50-95(B),           val/box_loss,           val/cls_loss,           val/dfl_loss,                 lr/pg0,                 lr/pg1,                 lr/pg2
                      1,                0.84785,                0.98142,                 1.0605,                 0.9888,                0.99489,                0.99412,                0.81206,                0.72292,                0.48582,                0.95354,             0.00055497,             0.00055497,             0.00055497
                      2,                0.73484,                0.46483,                0.99217,                 0.9959,                0.99574,                0.99488,                 0.8592,                0.60568,                0.30211,                0.90194,             0.00089073,             0.00089073,             0.00089073
                      3,                0.68876,                0.39114,                0.97218,                0.99855,                0.99882,                0.99499,                0.86616,                0.61809,                 0.2746,                0.90189,              0.0010064,              0.0010064,              0.0010064
                      4,                0.63147,                0.33957,                 0.9497,                0.99778,                0.99883,                  0.995,                 0.8892,                0.54549,                0.23553,                0.87399,              0.0006768,              0.0006768,              0.0006768
                      5,                0.60583,                0.32353,                 0.9396,                0.99799,                0.99934,                0.99499,                0.89369,                0.52268,                0.23713,                0.86506,              0.0006768,              0.0006768,              0.0006768
